"SNDB_study_number","doi","title","author","journal","year"
1,"10.1111/gcb.70906","Microbial Community Traits and Necromass Dynamics Shape Soil Carbon Accumulation","Wankun Pan and Sheng Tang and Wolfgang Wanek and Zhongkui Luo and Ji Chen and Yuanhe Yang and Tida Ge and Karina A. Marsden and Guopeng Liang and David R. Chadwick and Xinping Chen and Andrew S. Gregory and Lianghuan Wu and Yongchao Liang and Davey L. Jones and Qingxu Ma","Global Change Biology","2026"
2,"10.1111/gcb.70762","Fertilization and Aridity Legacies Determine Soil Microbial Necromass Persistence Across Climates","Li‐Xin Xu and Guang‐Hui Yu and Cong‐Qiang Liu and Georg Guggenberger","Global Change Biology","2026"
3,"10.1111/gcb.70292","Unfolding the Potential of Soil Microbial Community Diversity for Accumulation of Necromass Carbon at Large Scale","Yang Yang and Anna Gunina and Ji Chen and Baorong Wang and Huan Cheng and Yunqiang Wang and Chao Liang and Shaoshan An and Scott X. Chang","Global Change Biology","2025"
4,"10.1111/1365-2745.14448","Rhizosphere as a hotspot for microbial necromass deposition into the soil carbon pool","Qitong Wang and Junxiang Ding and Ziliang Zhang and Chao Liang and Hans Lambers and Biao Zhu and Dungang Wang and Jipeng Wang and Peipei Zhang and Na Li and Huajun Yin","Journal of Ecology","2024"
5,"10.1111/1365-2664.70015","Microbial necromass carbon drives soil organic carbon accumulation during long‐term vegetation succession","Ziwen Zhao and Yanli Qin and Yang Wu and Wenjing Chen and Hao Wang and Jiawen Chen and Jinqiu Yang and Guobin Liu and Sha Xue","Journal of Applied Ecology","2025"
6,"10.1016/j.soilbio.2026.110202","Plant, mycorrhizal and saprotrophic fungal contributions to soil organic matter fractions differ between tree-mycorrhizal types","Veronica Vasilica and Claudia Guidi and Khatab Abdalla and Valentin B. Kurbel and Andreas J. Wild and Eva Lehndorff and Richard P. Phillips and Johanna Pausch","Soil Biology and Biochemistry","2026"
7,"10.1016/j.soilbio.2025.109917","Nitrogen fertilisation of boreal forest soil increases soil carbon pool through elevated microbial necromass formation but also modifies tree secondary metabolism","Bartosz Adamczyk and Sylwia Adamczyk and Boris Tupek and Qian Li and Tijana Martinovic and Etienne Richy and Aleksi Lehtonen and Petr Baldrian and Raisa Mäkipää","Soil Biology and Biochemistry","2025"
8,"10.1016/j.catena.2026.110247","Stabilization mechanisms and contributions of mineral-associated microbial necromass to soil organic carbon in coastal wetlands","Jine Wei and Biao Zhu and Changwei Lü and Fenfen Zhang and Yanling Zheng and Xiaofei Li and Hongpo Dong and Xia Liang and Guoyu Yin and Min Liu and Lijun Hou","CATENA","2026"
9,"10.1002/eap.70225","Necromass carbon but not microbes constrain soil carbon release in restoration of degraded alpine grassland","Qijing Sun and Xiang Wang and Yangxue Wen and Qiaoyu Luo and Wenjin Li and Huichun Xie and Jianxiao Zhu and Qiang Wang","Ecological Applications","2026"
